Adams,"225 South Franklin Street, Gettysburg, PA 17325-4446","Adams County Assistance Office
225 South Franklin Street
P.O. Box 4446
Gettysburg, PA 17325-4446","Toll Free: 1-800-638-6816
Phone: 717-334-6241
FAX: 717-334-4104",39.8277325,-77.2353248
Allegheny,"301 5th Avenue, Pittsburgh, PA 15222","Allegheny County Assistance Office Headquarters
Piatt Place
301 5th Avenue, Suite 470
Pittsburgh, PA 15222","Phone: 412-565-2146
FAX: 412-565-3660",40.4409188,-79.9996159
Armstrong,"1280 North Water Street, Kittanning, PA 16201-0898","Armstrong County Assistance Office
1280 North Water Street
Kittanning, PA 16201-0898","Toll Free: 1-800-424-5235
Phone: 724-543-1651
LIHEAP 724-543-6076 or
800-543-5105
FAX: 724-548-0274",40.8307779,-79.5293764
Beaver,"171 Virginia Avenue, Rochester, PA 15074-0349","Beaver County Assistance Office
171 Virginia Avenue
P. O. Box 349
Rochester, PA 15074-0349","Toll Free: 1-800-653-3129
Phone: 724-773-7300
LIHEAP 724-773-7495
FAX: 724-773-7859",40.7021688,-80.2768833
Bedford,"150 North Street, Bedford, PA 15522-1040","Bedford County Assistance Office
150 North Street
Bedford, PA 15522-1040","Toll Free: 1-800-542-8584
Phone: 814-623-6127
LIHEAP 814-624-4072
FAX: 814-623-7310",40.0243393,-78.505242
Berks,"625 Cherry Street, Reading, PA 19602-1188","Berks County Assistance Office
Reading State Office Building
625 Cherry Street
Reading, PA 19602-1188","Toll Free: 1-866-215-3912
Phone: 610-736-4211
LIHEAP 610-736-4228
or 866-215-3911
FAX: 610-736-4004",40.3346077,-75.9245301
Blair,"1100 Green Avenue, Altoona, PA 16601-3440","Blair County Assistance Office
1100 Green Avenue
Altoona, PA 16601-3440","Toll Free: 1-866-812-3341
LIHEAP 814-946-7365
FAX: 814-941-6813",40.5167027,-78.3997564
Bradford ,"1 Elizabeth Street, Towanda, PA 18848-0398","Bradford County Assistance Office
1 Elizabeth Street, Suite 4
P.O. Box 398
Towanda, PA 18848-0398","Toll Free: 1-800-542-3938
Phone: 570-265-9186
FAX: 570-265-3061",41.7626956,-76.4426234
Bucks,"1214 Veterans Highway, Bristol, PA 19007-2593","Bucks County Assistance Office
1214 Veterans Highway
Bristol, PA 19007-2593","Phone: 215-781-3300
Toll Free: 1-800-362-1291
LIHEAP 215-781-3393
or 1-800-616-6481
FAX: 215-781-3438",40.1086375,-74.8766914
Butler ,"108 Woody Drive, Butler, PA 16001-5692","Butler County Assistance Office
108 Woody Dr.
Butler, PA 16001-5692","Toll Free: 1-866-256-0093
Phone: 724-284-8844
FAX: 724-284-8833",40.8554724,-79.9081836
Cambria ,"625 Main Street, Johnstown, PA 15901-1678","Cambria County Assistance Office
625 Main Street
Johnstown, PA 15901-1678","Toll Free: 1-877-315-0389
Phone: 814-533-2491
LIHEAP 814-533-2253
FAX: 814-533-2214",40.3242343,-78.9152816
Cameron,"411 Chestnut Street, Emporium, PA 15834-0071","Cameron County Assistance Office
411 Chestnut Street
P.O. Box 71
Emporium, PA 15834-0071","Toll Free: 1-888-855-1824
Phone: 814-486-3757
LIHEAP 814-486-1206
FAX: 814-486-1379",41.5119191,-78.235668
Carbon,"101 Lehigh Drive, Lehighton, PA 18235","Carbon County Assistance Office
101 Lehigh Drive
Lehighton, PA 18235","Toll Free: 1-800-314-0963
Phone: 610-577-9020
LIHEAP (cash) 610-577-9073
LIHEAP (crisis) 866-410-2093
FAX: 610-577-9043",40.8260457,-75.7028592
Centre,"2580 Park Center Boulevard, State College, PA 16801-3005","Centre County Assistance Office
2580 Park Center
Boulevard
State College, PA 16801-3005","Toll Free: 1-800-355-6024
Phone: 814-863-6571
LIHEAP: 814-861-1955
FAX: 814-689-1356",40.7679622,-77.8826069
Chester,"100 James Buchanan Drive, Thorndale, PA 19372-1132","Chester County Assistance Office
100 James Buchanan Drive
Thorndale, PA 19372-1132","Toll Free: 1-888-814-4698
Phone: 610-466-1000
LIHEAP 610-466-1042
FAX: 610-466-1130",39.9946653,-75.7663523
Clarion,"71 Lincoln Drive, Clarion, PA 16214-3861","Clarion County Assistance Office
71 Lincoln Drive
Clarion, PA 16214-3861","Toll Free: 1-800-253-3488
Phone: 814-226-1700
LIHEAP 814-226-1780
FAX: 814-226-1794",41.1824997,-79.397117
Clearfield,"1025 Leonard Street, Clearfield, PA 16830","Clearfield County Assistance Office
1025 Leonard Street
Clearfield, PA 16830","Toll Free: 1-800-521-9218
Phone: 814-765-7591
LIHEAP 814-765-0684
or 800-862-8941
FAX: 814-765-0802",41.0244164,-78.4102314
Clinton,"300 Bellefonte Avenue, Lock Haven, PA 17745-1929","Clinton County Assistance Office
300 Bellefonte Avenue, Suite 101
Lock Haven, PA 17745-1929","Toll Free: 1-800-820-4159
Phone: 570-748-2971
LIHEAP 570-893-4409
FAX: 570-893-2973",41.1350678,-77.4517324
Columbia,"27 East Seventh Street, Bloomsburg, PA 17815-0628","Columbia County Assistance Office
27 East Seventh Street
P.O. Box 628
Bloomsburg, PA 17815-0628","Toll Free: 1-877-211-1322
Phone: 570-387-4200
LIHEAP 570-387-4232
FAX: 570-387-4708",40.998778,-76.451846
Crawford,"1084 Water Street, Meadville, PA 16335-7187","Crawford County Assistance Office
1084 Water Street
P.O. Box 1187
Meadville, PA 16335-7187","Toll Free:1-800-527-7861
Phone: 814-333-3400
LIHEAP 814-333-3400
FAX: 814-333-3527",41.6343083,-80.1571753
Cumberland,"33 Westminster Drive, Carlisle, PA 17013-0599","Cumberland County Assistance Office
33 Westminster Drive
Carlisle, PA 17013-0599","Toll Free: 1-800-269-0173
Phone: 717-240-2700
FAX: 717-240-2781",40.1915406,-77.1661026
Dauphin,"2432 N. 7th Street, Harrisburg, PA 17110-0959","Dauphin County Assistance Office
2432 N. 7th Street
P.O. Box 5959
Harrisburg, PA 17110-0959","Toll Free: 1-800-788-5616
Phone: 717-787-2324
LIHEAP 717-265-8919
FAX: 717-772-4703",40.2867674,-76.8911048
Delaware,"701 Crosby Street, Chester, PA 19013-6099","Delaware County Assistance Office Headquarters
701 Crosby Street, Suite A
Chester, PA 19013-6099","Phone: 610-447-5500
LIHEAP 610-447-3099
FAX: 610-447-5399",39.852115,-75.3583572
Elk,"145 Race Street, Ridgway, PA 15853-0327","Elk County Assistance Office
145 Race Street
P.O. Box F
Ridgway, PA 15853-0327","Toll Free: 1-800-847-0257
Phone: 814-776-1101
LIHEAP 814-772-5215 or 814-776-1101
FAX: 814-772-7007",41.42196,-78.732676
Erie,"1316 Holland Street, Erie, PA 16512-0958","Erie County Assistance Office
1316 Holland Street
P.O. Box 958
Erie, PA 16512-0958","Toll Free: 1-800-635-1014
Phone: 814-461-2000
LIHEAP 814-461-2002
FAX: 814-461-2294",42.1238374,-80.0768186
Fayette,"41 West Church Street, Uniontown, PA 15401-3418","Fayette County Assistance Office
41 West Church Street
Uniontown, PA 15401-3418","Toll Free: 1-877-832-7545
Phone: 724-439-7015
LIHEAP 724-439-7125
FAX: 724-439-7002",39.899548,-79.7265358
Forest ,"171 Elm Street , Tionesta, PA 16353-0367","Forest County Assistance Office
171 Elm Street
P.O. Box 367
Tionesta, PA 16353-0367","Toll Free: 1-800-876-0645
Phone: 814-755-3552
FAX: 814-755-3420",41.4907917,-79.4564818
Franklin,"620 Norland Avenue, Chambersburg, PA 17201-4205","Franklin County Assistance Office
620 Norland Avenue
Chambersburg, PA 17201-4205","Toll Free: 1-877-289-9177
Phone: 717-264-6121
LIHEAP 717-262-6579
FAX: 717-264-4801",39.9456394,-77.6419232
Fulton,"539 Fulton Drive, McConnellsburg, PA 17233","Fulton County Assistance Office
539 Fulton Drive
McConnellsburg, PA 17233","Toll Free: 1-800-222-8563
Phone: 717-485-3151
FAX: 717-485-3713",39.923017,-77.994271
Greene,"100 Greene Plaza, Waynesburg, PA 15370","Greene County Assistance Office
100 Greene Plaza
Waynesburg, PA 15370","Toll Free: 1-888-410-5658
Phone: 724-627-8171
LIHEAP 724-627-7668
FAX: 724-627-8096",39.8983451,-80.1476634
Huntingdon,"7591 Lake Raystown Shopping Center, Huntingdon, PA 16652-0398","Huntingdon County Assistance Office
7591 Lake Raystown Shopping Center
Huntingdon, PA 16652-0398","Toll Free: 1-800-237-7674
Phone: 814-643-1170
LIHEAP 814-643-4098
FAX: 814-643-5441",40.480008,-78.0121715
Indiana ,"2750 West Pike Road, Indiana, PA 15701","Indiana County Assistance Office
2750 West Pike Road
Indiana, PA 15701","Toll Free: 1-800-742-0679
Phone: 724-357-2900
LIHEAP 724-357-2918
FAX: 724-357-2951",40.6204482,-79.2023039
Jefferson,"100 Prushnok Drive, Punxsutawney, PA 15767-0720","Jefferson County Assistance Office
100 Prushnok Drive
P.O. Box 720
Punxsutawney, PA 15767-0720","Toll Free: 1-800-242-8214
Phone: 814-938-2990
LIHEAP 814-938-1329
FAX: 814-938-3842",40.946583,-78.9611692
Juniata ,"100 Meadow Lane, Mifflintown, PA 17059-9983","Juniata County Assistance Office
100 Meadow Lane
P.O. Box 65
Mifflintown, PA 17059-9983","Toll Free: 1-800-586-4282
Phone: 717-436-2158
FAX: 717-436-5402",40.5736336,-77.3842502
Lackawanna ,"100 Lackawanna Avenue, Scranton, PA 18503-1972","Lackawanna County Assistance Office
200 Scranton State Office Building
100 Lackawanna Avenue
Scranton, PA 18503-1972","Toll Free: 1-877-431-1887
Phone: 570-963-4525
LIHEAP: 570-963-4842
FAX: 570-963-4843",41.4092158,-75.6693928
Lancaster ,"832 Manor Street, Lancaster, PA 17604-4967","Lancaster County Assistance Office
832 Manor Street
P.O. Box 4967
Lancaster, PA 17604-4967","Phone: 717-299-7411
LIHEAP (cash) 717-299-7543
LIHEAP (crisis) 717-299-7543
FAX: 717-299-7565",40.0310812,-76.3199035
Lawrence ,"108 Cascade Galleria, New Castle, PA 16101-3900","Lawrence County Assistance Office
108 Cascade Galleria
New Castle, PA 16101-3900","Toll Free: 1-800-847-4522
Phone: 724-656-3000
LIHEAP 724-656-3021
FAX: 724-656-3076",41.0036719,-80.347009
Lebanon,"625 South Eighth Street, Lebanon, PA 17042-0870","Lebanon County Assistance Office
625 South Eighth Street
Lebanon, PA 17042-0870","Toll Free: 1-800-229-3926
Phone: 717-270-3600
LIHEAP 717-273-1641
FAX: 717-228-2589",40.3299179,-76.4242418
Lehigh ,"101 South 7th Street, Allentown, PA 18101-2295","Lehigh County Assistance Office
101 South 7th Street
Allentown, PA 18101-2295","Toll Free: 1-877-223-5956
Phone: 610-821-6509
FAX: 610-821-6705",40.6007604,-75.4703797
Luzerne,"205 South Washington Street, Wilkes-Barre, PA 18711-3298","Luzerne County Assistance Office
Wilkes-Barre District
205 South Washington Street
Wilkes-Barre, PA 18711-3298","Toll Free: 1-866-220-9320
Phone: 570-826-2100
LIHEAP: 570-826-2041
LIHEAP (crisis)
570-826-0510
FAX: 570-826-2178",41.2418443,-75.8865592
Lycoming ,"400 Little League Boulevard, Williamsport, PA 17703-0127","Lycoming County Assistance Office
400 Little League Boulevard
P.O. Box 127
Williamsport, PA 17703-0127","Toll Free: 1-877-867-4014
Phone: 570-327-3300
LIHEAP 570-327-3497
FAX: 570-321-6501",41.2427422,-77.008761
McKean,"68 Chestnut Street, Braford, PA 16701-0016","McKean County Assistance Office
68 Chestnut Street, Suite B
Braford, PA 16701-0016","Toll Free: 1-800-822-1108
Phone: 814-362-4671
FAX: 814-362-4959",41.9542493,-78.6480196
Mercer ,"2236 Highland Road, Hermitage, PA 16148-2896","Mercer County Assistance Office
2236 Highland Road
Hermitage, PA 16148-2896","Toll Free: 1-800-747-8405
Phone: 724-983-5000
LIHEAP 724-983-5022
FAX: 724-983-5706",41.2387893,-80.466887
Mifflin,"1125 Riverside Drive, Lewistown, PA 17044-1942","Mifflin County Assistance Office
1125 Riverside Drive
Lewistown, PA 17044-1942","Toll Free: 1-800-382-5253
Phone: 717-248-6746
LIHEAP 717-242-6095
FAX: 717-242-6099",40.5927191,-77.59021
Monroe,"1972 W. Main Street, Stroudsburg, PA 18360-0232","Monroe County Assistance Office
1972 W. Main Street, Suite 101
Stroudsburg, PA 18360-0232
","Toll Free: 1-877-905-1495
Phone: 570-424-3030
LIHEAP 570-424-3517
FAX: 570-424-3915",40.9824223,-75.2270085
Montgomery,"Norristown District, 1931 New Hope Street, Norristown, PA 19401-3191","Montgomery County Assistance Office
Norristown District
1931 New Hope Street
Norristown, PA 19401-3191","Toll Free: 1-877-398-5571
Phone: 610-270-3500
LIHEAP: 610-272-1752
FAX: 610-270-1678",40.1234898,-75.3179102
Montour,"327 Church Street, Danville, PA 17821-0278","Montour County Assistance Office
327 Church Street
Danville, PA 17821-0278","Toll Free: 1-866-596-5944
Phone: 570-275-7430
LIHEAP 1-866-410-2093
FAX: 570-275-7433",40.9619002,-76.6137928
Northampton,"201 Larry Holmes Drive, Easton, PA 18044-0010","Northampton County Assistance Office
201 Larry Holmes Drive
P.O. Box 10
Easton, PA 18044-0010","Toll Free: 1-800-349-5122
Phone: 610-250-1700
LIHEAP 610-250-1785/6
FAX: 610-250-1839",40.6888592,-75.2075139
Northumberland ,"320 Chestnut Street, Sunbury, PA 17801","Northumberland County Assistance Office
320 Chestnut Street
Sunbury, PA 17801","Toll Free: 1-800-368-8390
Phone: 570-988-5900
LIHEAP 570-988-5996
or 800-332-8583
FAX: 570-988-5918",40.8605228,-76.7929252
Perry ,"100 Centre Drive, New Bloomfield, PA 17068-0280","Perry County Assistance Office
100 Centre Drive
P.O. Box 280
New Bloomfield, PA 17068-0280","Toll Free: 1-800-991-1929
Phone: 717-582-2127
LIHEAP 717-582-5038
FAX: 717-582-4187",40.4180737,-77.2004301
BOULEVARD,"4109 Frankford Avenue, Philadelphia, PA 19124-4508","Boulevard District
4109 Frankford Avenue
Philadelphia, PA 19124-4508","Phone: 215-560-6500
FAX: 215-560-2087",40.0074366,-75.0909061
CHELTEN,"301 East Chelten Avenue, Philadelphia, PA 19144-5751","Chelten District
301 East Chelten Avenue, 1st Flr.
Philadelphia, PA 19144-5751","Phone: 215-560-5200
FAX: 215-560-5251",40.0393844,-75.1714349
DELANCEY,"5740 Market Street, Philadelphia, PA 19139-3204","Delancey District
5740 Market Street 2nd Floor
Philadelphia, PA 19139-3204","Phone: 215-560-3700
FAX: 215-560-2907",39.961008,-75.2365628
ELMWOOD,"5740 Market Street, Philadelphia, PA 19139-3204","Elmwood District
5740 Market Street 1st Floor
Philadelphia, PA 19139-3204","Phone: 215-560-3800
FAX: 215-560-2065",39.961008,-75.2365628
GLENDALE,"5201 Old York Road, Philadelphia, PA 19141-9943","Glendale District
5201 Old York Road
Philadelphia, PA 19141-9943","Phone: 215-560-4600
FAX: 215-456-5103",40.0329607,-75.1446309
LIBERTY,"219 East Lehigh Avenue, Philadelphia, PA 19125-1099","Liberty District
219 East Lehigh Avenue
Philadelphia, PA 19125-1099","Phone: 215-560-4000
FAX: 215-560-4065",39.9906262,-75.1278415
RIDGE,"1350 West Sedgley Avenue, Philadelphia, PA 19132-2498","Ridge/Tioga District
1350 West Sedgley Avenue
Philadelphia, PA 19132-2498","Phone: 215-560-4900
FAX: 215-560-4938",39.9987788,-75.152363
SOMERSET,"2701 N. Broad Street, Philadelphia, PA 19132-2743","Somerset District
2701 N. Broad Street, 2nd Flr.
Philadelphia, PA 19132-2743","Phone: 215-560-5400
FAX: 215-560-5403",39.9941385,-75.1539063
SOUTH,"1163 S. Broad Street, Philadelphia, PA 19147","South District
1163 S. Broad Street
Philadelphia, PA 19147","Phone: 215-560-4400
FAX: 215-218-4650",39.935939,-75.166614
UNITY,"4111 Frankford Avenue, Philadelphia, PA 19124","Unity District
4111 Frankford Avenue
Philadelphia, PA 19124","Phone: 215-560-6400
FAX: 215-560-2067",40.007892,-75.0903844
WEST,"5070 Parkside Avenue, Philadelphia, PA 19131-4747","West District
5070 Parkside Avenue
Philadelphia, PA 19131-4747","Phone: 215-560-6100
FAX: 215-560-2053",39.9800094,-75.2210804
Pike,"10 Buist Road, Milford, PA 18337","Pike County Assistance Office
Milford Professional Park
Suite 101
10 Buist Road
Milford, PA 18337","Toll Free: 1-866-267-9181
Phone: 570-296-6114
LIHEAP 570-296-6114
FAX: 570-296-4183",41.335122,-74.8339414
Potter,"269 Route 6 West, Room 1, Coudersport, PA 16915-8465","Potter County Assistance Office
269 Route 6 West, Room 1
Coudersport, PA 16915-8465","Toll Free: 1-800-446-9896
Phone: 814-274-4900
FAX: 814-274-3635",41.7782459,-78.0206703
Schuylkill ,"2640 Woodglen Road, Pottsville, PA 17901-1341","Schuylkill County Assistance Office
2640 Woodglen Road
P.O. Box 1100
Pottsville, PA 17901-1341","Toll Free: 1-877-306-5439
Phone: 570-621-3000
LIHEAP 570-621-3072
FAX: 570-624-3334",40.6769729,-76.2347486
Snyder,"83 Maple LaneSelinsgrove, PA 17870-1302","Snyder County Assistance Office
83 Maple LaneSelinsgrove, PA 17870-1302","Toll Free: 1-866-713-8584
Phone: 570-374-8126
LIHEAP: 570-372-1721
FAX: 570-374-6347",40.80788,-76.881472
Somerset,"164 Stayrook Street, Somerset, PA 15501","Somerset County Assistance Office
164 Stayrook Street
Somerset, PA 15501","Toll Free: 1-800-248-1607
Phone: 814-443-3681
LIHEAP 814-443-3683
FAX: 814-445-4352",39.9930488,-79.0459778
Sullivan ,"918 Main Street, Laporte, PA 18626-0355","Sullivan County Assistance Office
918 Main Street, Suite 2
P.O. Box 355
Laporte, PA 18626-0355","Toll Free: 1-877-265-1681
Phone: 570-946-7174
LIHEAP 570-946-7174
FAX: 570-946-7189",41.4241425,-76.4934855
Susquehanna,"111 Spruce Street, Montrose, PA 18801-0128","Susquehanna County Assistance Office
111 Spruce Street
P.O. Box 128
Montrose, PA 18801-0128","Toll Free: 1-888-753-6328
Phone: 570-278-3891
LIHEAP: 1-866-410-2093
FAX: 570-278-9508",41.8347133,-75.87906
Tioga ,"11809 Route 6, Wellsboro, PA 16901-6764","Tioga County Assistance Office
11809 Route 6
Wellsboro, PA 16901-6764","Toll Free: 1-800-525-6842
Phone: 570-724-4051
LIHEAP 570-724-4051
FAX: 570-724-5612",41.7446057,-77.2674104
Union,"1610 Industrial Boulevard, Lewisburg, PA 17837-1292","Union County Assistance Office
Suite 300
1610 Industrial Boulevard
Lewisburg, PA 17837-1292","Toll Free: 1-877-628-2003
Phone: 570-524-2201
LIHEAP 570-522-5274
FAX: 570-524-2361",40.9607361,-76.9035449
Venango,"530 13th Street, Franklin, PA 16323-0391","Venango County Assistance Office
530 13th Street
Franklin, PA 16323-0391","Toll Free: 1-877-409-2421
Phone: 814-437-4341/4342
LIHEAP 814-437-4354
FAX: 814-437-4441",41.3961626,-79.8321741
Warren,"210 North Drive, N. Warren, PA 16365","Warren County Assistance Office
210 North Drive, Suite A
N. Warren, PA 16365","Toll Free: 1-800-403-4043
Phone: 814-723-6330
LIHEAP 814-726-2540
FAX: 814-726-1565",41.8831079,-79.145593
Washington,"167 North Main Street, Washington, PA 15301-4354","Washington County Assistance Office
167 North Main Street
Washington, PA 15301-4354","Toll Free: 1-800-835-9720
Phone: 724-223-4300
LIHEAP 724-223-5246
FAX: 724-223-4675",40.173433,-80.2468622
Wayne,"107 8th Street, Honesdale, PA 18431-0229","Wayne County Assistance Office
107 8th Street, 2nd Floor
P.O. Box 229
Honesdale, PA 18431-0229","Toll Free: 1-877-879-5267
Phone: 570-253-7100
LIHEAP 570-253-7118
FAX: 570-253-7374",41.572421,-75.255188
Westmoreland ,"587 Sells Lane, Greensburg, PA 15601-4493","Westmoreland County Assistance Office - Main Office
587 Sells Lane
Greensburg, PA 15601-4493","Toll Free: 1-800-905-5413
Phone: 724-832-5200
LIHEAP 724-832-5524
FAX: 724-832-5202",40.2931479,-79.536446
Wyoming,"608 Hunter Highway, Tunkhannock, PA 18657-0490","Wyoming County Assistance Office
608 Hunter Highway, Suite 6
P.O. Box 490
Tunkhannock, PA 18657-0490","Toll Free: 1-877-699-3312
Phone: 570-836-5171
LIHEAP: 570-836-5171
FAX: 570-996-4141",41.5282891,-75.9482759
York,"130 N. Duke Street, York, PA 17405-7041","York County Assistance Office
130 N. Duke Street
P.O. Box 15041
York, PA 17405-7041","Phone: 717-771-1100
Toll Free: 800-991-0929
LIHEAP
1-800-991-0929
FAX: 717-771-1261",39.9652874,-76.7269639
